First Last,First,Last,Company,Domain
Ronny Yakov,Ronny,Yakov,OLB Group Inc,www.olb.com
Brandon Holley,Brandon,Holley,Everywear,www.everywear.com
Chris Trahan,Chris,Trahan,Deal Acceleration,www.dealacceleration.com
Jeff Papows,Jeff,Papows,"ShopAdvisor, Inc.",www.shopadvisor.com
Michael Andreacchi,Michael,Andreacchi,Junk King,www.junk-king.com
Diishan Imira,Diishan,Imira,"Mayvenn, Inc.",www.mayvenn.com
Ashlee Levitch,Ashlee,Levitch,Bangstyle,www.bangstyle.com
Tyler Babb,Tyler,Babb,"SmartShyp, LLC",www.smartshyp.com
Mike Newman,Mike,Newman,Returnity Innovations,www.returnity.co
Jeb Blount,Jeb,Blount,Sales Gravy | The Sales Acceleration Company,www.salesgravy.com
Scott Mitchell,Scott,Mitchell,Simply Organic,www.simplyorganicbeauty.com
Cass Cooper,Cass,Cooper,Midwest Aftermarket,www.midwestaftermarket.com
Neil Hoynes,Neil,Hoynes,Ripple Junction Design Company Inc,www.ripplejunction.com
Kate Boyer,Kate,Boyer,Anatomie Corporation,www.anatomie.com
Jill Kostzewski Perkins,Jill,Perkins,"York & Chapel, Corp.",www.yorkandchapel.com
Thomas Howell,Thomas,Howell,Fancy Awesome,www.fancyawesome.com
Adam Justice,Adam,Justice,"Grid Connect, Inc.",www.gridconnect.com
Sunil Gowda,Sunil,Gowda,Garmentory Inc.,www.garmentory.com
Chieh Huang,Chieh,Huang,Giddy Inc.,www.boxed.com
Ellis Singer Mccue,,,"Dallas Power Supply, LLC",www.territoryfoods.com
