First Last,First,Last,Company,Domain
Joe Holland,Joe,Holland,Teacher Synergy Inc.,www.teacherspayteachers.com
George Hajj,George,Hajj,Flashecom,www.flashecom.com
Nick Stafford,Nick,Stafford,Ollie Pet Inc.,www.myollie.com
Khalid Saleh,Khalid,Saleh,Invesp Consulting Inc.,www.invesp.com
Mary Nemetz,Mary,Nemetz,Tix4Cause,www.tix4cause.com
Jamie Ratner,Jamie,Ratner,Macaroni Kid,www.macaronikid.com
Tim Davis,Tim,Davis,Shop.org,www.shop.org
Joe Fisch,Joe,Fisch,"Wine Access, Inc.",www.wineaccess.com
Jimmy Garson,Jimmy,Garson,Data Vision Computer Video Inc.,www.datavis.com
Joshua Lau,Joshua,Lau,YesStyle,www.yesstyle.com
Sharon Norwell,Sharon,Norwell,"CounterTrade Products, Inc.",www.countertrade.com
Ben Ross,Ben,Ross,Unknown Arts,www.unknownartstudio.com
Nick Moshiri,Nick,Moshiri,"ErgoDirect, Inc.",www.ergodirect.com
Betsy Brooks,Betsy,Brooks,"Ouidad, Inc.",www.ouidad.com
Scott Kalbach,Scott,Kalbach,AvantLink,www.avantlink.com
Lowell Heddings,Lowell,Heddings,How-To Geek,www.howtogeek.com
Alina Imam Bilger,Alina,Bilger,"GoBrands, Inc.",www.gopuff.com
Todd Smith,Todd,Smith,"BookedOut, Inc.",www.bookedout.com
Brad Brewer,Brad,Brewer,Brewer Digital Marketing,www.brewerdigitalmarketing.com
Micheal Atherton,,,Buy Leathers Jackets,www.leathersjackets.com
