First Last,First,Last,Company,Domain
Stan Duda,Stan,Duda,"Alpine Consulting, Inc",www.alpineinc.com
Luca Bizzotto,Luca,Bizzotto,Alto Global Processing,www.altoglobalprocessing.com
Andrew Griffiths,Andrew,Griffiths,FindWAtt,www.findwatt.com
Maged Salem,Maged,Salem,Mattress1One,www.mattress1.com
Jim Chapman,Jim,Chapman,"Rush Order, Inc",www.rushorder.com
Ray Youssef,Ray,Youssef,Paxful Inc.,www.paxful.com
Judah Schiff,Judah,Schiff,JMAC Supply,www.jmac.com
Jon Roskill,Jon,Roskill,"Acumatica, Inc.",www.acumatica.com
Brandon Wentland,Brandon,Wentland,Optimal Digital Marketing,www.optimal-marketing.com
Brig Taylor,Brig,Taylor,SlideBelts Inc.,www.slidebelts.com
Priyanka Swamy,Priyanka,Swamy,Perfect Locks,www.perfectlocks.com
Manuel Montero,Manuel,Montero,"Saftpay, Inc.",www.safetypay.com
Wing Xiao,Wing,Xiao,Miss Sixty,www.misssixty.com
Thomas Martin,Thomas,Martin,"Glance Networks, Inc.",www.glance.net
Janice Wang,Janice,Wang,"Alvanon, Inc",www.alvanon.com
Byron Walker,Byron,Walker,Survival Frog LLC,www.survivalfrog.com
Jamie Chandlee,Jamie,Chandlee,Rank & Style LLC,www.rankandstyle.com
Camilla Olson,Camilla,Olson,Savitude,www.savitude.com
Joe Martin,Joe,Martin,Merchandize Liquidators,www.merchandizeliquidators.com
Michael Millenacker,,,Royal Robbins LLC,www.royalrobbins.com
