First Last,First,Last,Company,Domain
Nathan Sportsman,Nathan,Sportsman,"Praetorian Group, Inc.",www.praetorian.com
Ed Strauss,Ed,Strauss,Arrow Promotional,www.arrowpromotional.com
April Alexander Foster,April,Foster,"Inked, LLC (fka Studio Calico, LLC)",www.inkedbrands.com
James Greaves,James,Greaves,"Brand Makers, Llc",www.brandmakers.com
Jay Grossman,Jay,Grossman,Homeless Not Toothless,www.homelessnottoothless.org
Stephen Albarran,Stephen,Albarran,CC Services LLC,www.confidentcannabis.com
Craig Bassin,Craig,Bassin,"EasyAsk, Inc.",www.easyask.com
Ryan Vasso,Ryan,Vasso,Reply Pro,www.replypro.io
Adam Mayer,Adam,Mayer,Oxagile,www.oxagile.com
Lou Tomassetti,Lou,Tomassetti,Shavemate,www.shavematerazors.com
Jeff Logosz,Jeff,Logosz,Slingshot Sports,www.slingshotsports.com
Impekable Pek Pongpaet,Impekable,Pongpaet,Impekable,www.impekable.com
Alex Dastmalchi,Alex,Dastmalchi,Dastmalchi Llc,www.dastmalchi.com
Kevin Huber,Kevin,Huber,"IT Outlet, Inc.",www.itoutlet.com
Mathew Deane,Mathew,Deane,Black Ocean LLC,www.blackocean.com
Laura Khoury,Laura,Khoury,Shoptelligence,www.shoptelligence.com
Michael Lagoni,Michael,Lagoni,Stackline,www.stackline.com
Venice Ponk,Venice,Ponk,"New Life Solutions, Inc",www.newlifesolutions.org
Brian Moffitt,Brian,Moffitt,Richard Petty Motorsports LLC,www.richardpettymotorsports.com
Aaron Levant,,,The NTWRK Agency,www.thentwrk.com
